Frame,Angle,Method
1,188.20,leaflet
2,187.01,leaflet
3,186.80,leaflet
4,186.91,leaflet
5,187.26,leaflet
6,187.86,leaflet
7,187.86,leaflet
8,186.62,leaflet
9,187.50,leaflet
10,187.35,leaflet
11,187.14,leaflet
12,187.68,leaflet
13,187.12,leaflet
14,186.92,leaflet
15,187.28,leaflet
16,187.43,leaflet
17,186.92,leaflet
18,187.28,leaflet
19,187.84,leaflet
20,187.12,leaflet
21,186.92,leaflet
22,186.74,leaflet
23,186.74,leaflet
24,186.94,leaflet
25,186.40,leaflet
26,187.48,leaflet
27,187.68,leaflet
28,187.48,leaflet
29,187.28,leaflet
30,188.48,leaflet
31,189.39,leaflet
32,189.92,leaflet
33,190.27,leaflet
34,191.49,leaflet
35,191.98,leaflet
36,191.70,leaflet
37,191.92,leaflet
38,192.46,leaflet
39,191.53,leaflet
40,191.28,leaflet
41,190.97,leaflet
42,190.59,leaflet
43,189.65,leaflet
44,189.62,leaflet
45,189.48,leaflet
46,188.51,leaflet
47,186.94,leaflet
48,187.17,leaflet
49,187.03,leaflet
50,187.17,leaflet
51,187.66,leaflet
52,187.21,leaflet
53,187.17,leaflet
54,187.17,leaflet
55,185.75,leaflet
56,186.99,leaflet
57,186.42,leaflet
58,186.42,leaflet
59,186.18,leaflet
60,186.71,leaflet
61,186.55,leaflet
62,185.93,leaflet
63,186.69,leaflet
64,185.79,leaflet
65,186.12,leaflet
66,185.77,leaflet
67,185.95,leaflet
68,185.64,leaflet
69,186.61,leaflet
70,185.64,leaflet
71,185.85,leaflet
72,185.46,leaflet
73,185.27,leaflet
74,185.64,leaflet
75,185.46,leaflet
76,185.47,leaflet
77,185.13,leaflet
78,185.13,leaflet
79,184.60,leaflet
80,184.79,leaflet
81,184.95,leaflet
82,184.40,leaflet
83,183.84,leaflet
84,183.09,leaflet
85,183.27,leaflet
86,182.72,leaflet
87,181.76,leaflet
88,181.76,leaflet
89,181.18,leaflet
90,180.81,leaflet
91,180.99,leaflet
92,180.23,leaflet
93,179.85,leaflet
94,178.31,leaflet
95,178.69,leaflet
96,177.72,leaflet
97,176.52,leaflet
98,175.93,leaflet
99,175.51,leaflet
100,174.34,leaflet
101,173.49,leaflet
102,172.04,leaflet
103,171.06,leaflet
104,168.83,leaflet
105,168.24,leaflet
106,164.32,leaflet
107,161.25,leaflet
108,162.22,leaflet
109,161.84,leaflet
110,160.58,leaflet
111,158.17,leaflet
112,157.18,leaflet
113,155.99,leaflet
114,154.22,leaflet
115,152.23,leaflet
116,150.45,leaflet
117,147.89,leaflet
118,146.15,leaflet
119,144.02,leaflet
120,141.19,leaflet
121,138.41,leaflet
122,135.62,leaflet
123,132.29,leaflet
124,129.83,leaflet
125,126.45,leaflet
126,54.72,laser
127,53.15,laser
128,51.56,laser
129,48.74,laser
130,46.19,laser
131,43.81,laser
132,40.78,laser
133,38.33,laser
134,34.61,laser
135,31.40,laser
136,26.27,laser
137,26.11,laser
138,21.14,laser
139,22.68,laser
140,22.87,laser
141,22.69,laser
142,22.43,laser
143,21.89,laser
144,22.38,laser
145,22.20,laser
146,22.62,laser
147,22.34,laser
148,25.12,laser
149,26.91,laser
150,26.78,laser
151,26.73,laser
152,26.82,laser
153,26.73,laser
154,26.74,laser
155,26.88,laser
156,26.89,laser
157,26.85,laser
158,26.82,laser
159,26.78,laser
160,26.82,laser
161,26.72,laser
162,26.76,laser
163,26.87,laser
164,26.67,laser
165,26.70,laser
166,26.83,laser
167,26.86,laser
168,26.74,laser
169,26.84,laser
170,26.78,laser
171,26.78,laser
172,26.78,laser
173,26.85,laser
174,26.79,laser
175,26.79,laser
176,26.76,laser
177,26.82,laser
178,26.80,laser
179,26.87,laser
180,26.86,laser
181,26.81,laser
182,26.86,laser
183,26.84,laser
184,26.82,laser
185,26.90,laser
186,26.80,laser
187,26.76,laser
188,26.79,laser
189,26.82,laser
190,26.79,laser
191,26.91,laser
192,26.78,laser
193,26.69,laser
194,26.76,laser
195,26.76,laser
196,26.84,laser
197,26.77,laser
198,26.71,laser
199,26.83,laser
200,26.80,laser
201,26.87,laser
202,26.87,laser
203,26.83,laser
204,26.73,laser
205,26.73,laser
206,26.69,laser
207,26.65,laser
208,26.67,laser
209,26.80,laser
210,26.83,laser
211,26.92,laser
212,26.83,laser
213,26.84,laser
214,26.86,laser
215,26.82,laser
216,26.80,laser
217,26.80,laser
218,26.75,laser
219,26.88,laser
220,26.80,laser
221,26.81,laser
222,26.82,laser
223,26.83,laser
224,26.69,laser
225,26.89,laser
226,26.78,laser
227,26.79,laser
228,26.74,laser
229,26.62,laser
230,26.70,laser
231,26.70,laser
232,26.74,laser
233,26.64,laser
234,26.66,laser
235,26.67,laser
236,26.68,laser
237,26.78,laser
238,26.90,laser
239,26.84,laser
240,26.70,laser
241,26.69,laser
242,26.65,laser
243,26.79,laser
244,26.85,laser
245,26.89,laser
246,26.83,laser
247,26.74,laser
248,26.70,laser
249,26.77,laser
250,26.82,laser
251,26.75,laser
252,26.87,laser
253,26.89,laser
254,26.90,laser
255,26.93,laser
256,26.80,laser
257,26.88,laser
258,26.92,laser
259,26.88,laser
260,27.00,laser
261,26.93,laser
262,26.82,laser
263,26.86,laser
264,26.90,laser
265,26.83,laser
266,26.84,laser
267,26.81,laser
268,26.79,laser
269,26.92,laser
270,26.92,laser
271,26.89,laser
272,26.87,laser
273,26.85,laser
274,26.74,laser
275,26.73,laser
276,26.76,laser
277,26.75,laser
278,26.74,laser
279,26.71,laser
280,26.67,laser
281,26.74,laser
282,26.80,laser
283,26.82,laser
284,26.82,laser
285,26.81,laser
286,26.86,laser
287,26.77,laser
288,26.85,laser
289,26.83,laser
290,26.94,laser
291,26.91,laser
292,26.88,laser
293,26.84,laser
294,26.89,laser
295,26.79,laser
296,26.95,laser
297,26.91,laser
298,26.87,laser
299,26.89,laser
300,26.78,laser
301,26.80,laser
302,26.72,laser
303,26.77,laser
304,26.84,laser
305,26.81,laser
306,26.73,laser
307,26.79,laser
308,26.86,laser
309,26.96,laser
310,26.94,laser
311,26.85,laser
312,26.75,laser
313,26.70,laser
314,26.68,laser
315,26.64,laser
316,26.65,laser
317,26.71,laser
318,26.62,laser
319,26.56,laser
320,26.63,laser
321,26.66,laser
322,26.58,laser
323,26.59,laser
324,26.71,laser
325,26.61,laser
326,26.62,laser
327,26.55,laser
328,26.63,laser
329,26.78,laser
330,26.70,laser
331,26.71,laser
332,26.74,laser
333,26.75,laser
334,26.78,laser
335,26.77,laser
336,26.74,laser
337,26.76,laser
338,26.77,laser
339,26.80,laser
340,26.70,laser
341,26.71,laser
342,26.74,laser
343,26.81,laser
344,26.57,laser
345,26.68,laser
346,26.63,laser
347,26.65,laser
348,26.66,laser
349,26.52,laser
350,26.71,laser
351,26.57,laser
352,26.69,laser
353,26.75,laser
354,26.69,laser
355,26.67,laser
356,26.67,laser
357,26.59,laser
358,26.59,laser
359,26.61,laser
360,26.53,laser
361,26.65,laser
362,26.56,laser
363,26.52,laser
364,26.53,laser
365,26.59,laser
366,26.61,laser
367,26.65,laser
368,26.53,laser
369,26.72,laser
370,26.69,laser
371,26.74,laser
372,26.75,laser
373,26.69,laser
374,26.63,laser
375,26.49,laser
376,26.70,laser
377,26.67,laser
378,26.73,laser
379,26.74,laser
380,26.65,laser
381,26.52,laser
382,26.76,laser
383,26.62,laser
384,26.73,laser
385,26.75,laser
386,26.77,laser
387,26.84,laser
388,26.76,laser
389,26.70,laser
390,26.68,laser
391,26.65,laser
392,26.66,laser
393,26.69,laser
394,26.75,laser
395,26.72,laser
396,26.68,laser
397,26.81,laser
398,26.76,laser
399,26.69,laser
400,26.57,laser
401,26.58,laser
402,26.77,laser
403,26.70,laser
404,26.71,laser
405,26.78,laser
406,26.77,laser
407,26.73,laser
408,26.74,laser
409,26.66,laser
410,26.81,laser
411,26.76,laser
412,26.72,laser
413,26.85,laser
414,26.84,laser
415,26.76,laser
416,26.70,laser
417,26.73,laser
418,26.65,laser
419,26.69,laser
420,26.65,laser
421,26.77,laser
422,26.77,laser
423,26.75,laser
424,26.77,laser
425,26.57,laser
426,26.71,laser
427,26.72,laser
428,26.66,laser
429,26.69,laser
430,26.66,laser
431,26.66,laser
432,26.56,laser
433,26.53,laser
434,26.65,laser
435,26.51,laser
436,26.63,laser
437,26.69,laser
438,26.62,laser
439,26.75,laser
440,26.80,laser
441,26.69,laser
442,26.74,laser
443,26.74,laser
444,26.84,laser
445,26.66,laser
446,26.79,laser
447,26.86,laser
448,26.73,laser
449,26.69,laser
450,26.62,laser
451,26.76,laser
452,26.72,laser
453,26.68,laser
454,26.68,laser
455,26.67,laser
456,26.80,laser
457,26.78,laser
458,26.70,laser
459,26.81,laser
460,26.68,laser
461,26.68,laser
462,26.68,laser
463,26.71,laser
464,26.74,laser
465,26.68,laser
466,26.58,laser
467,26.63,laser
468,26.67,laser
469,26.85,laser
470,26.84,laser
471,26.82,laser
472,26.51,laser
473,26.57,laser
474,26.61,laser
475,26.56,laser
476,26.55,laser
477,26.73,laser
478,26.75,laser
479,26.75,laser
480,26.71,laser
481,26.69,laser
482,26.71,laser
483,26.58,laser
484,26.62,laser
485,26.76,laser
486,26.69,laser
487,26.65,laser
488,26.67,laser
489,26.59,laser
490,26.64,laser
491,26.64,laser
492,26.55,laser
493,26.67,laser
494,26.59,laser
495,26.66,laser
496,26.63,laser
497,26.65,laser
498,26.62,laser
499,26.54,laser
500,26.57,laser
501,26.60,laser
502,26.63,laser
503,26.63,laser
504,26.72,laser
505,26.63,laser
506,26.64,laser
507,26.65,laser
508,26.69,laser
509,26.65,laser
510,26.73,laser
511,26.69,laser
512,26.63,laser
513,26.70,laser
514,26.69,laser
515,26.62,laser
516,26.72,laser
517,26.70,laser
518,26.69,laser
519,26.74,laser
520,26.79,laser
521,26.70,laser
522,26.82,laser
523,26.78,laser
524,26.84,laser
525,26.70,laser
526,26.67,laser
527,26.71,laser
528,26.75,laser
529,26.75,laser
530,26.83,laser
531,26.77,laser
532,26.81,laser
533,26.76,laser
534,26.83,laser
535,26.79,laser
536,26.88,laser
537,26.73,laser
538,26.83,laser
539,26.82,laser
540,26.80,laser
541,26.77,laser
542,26.77,laser
543,26.85,laser
544,26.74,laser
545,26.69,laser
546,26.81,laser
547,26.63,laser
548,26.84,laser
549,26.81,laser
550,26.79,laser
551,26.80,laser
552,26.87,laser
553,26.78,laser
554,26.68,laser
555,26.79,laser
556,26.74,laser
557,26.74,laser
558,26.74,laser
559,26.81,laser
560,26.66,laser
561,26.73,laser
562,26.77,laser
563,26.71,laser
564,26.71,laser
565,26.68,laser
566,26.65,laser
567,26.72,laser
568,26.70,laser
569,26.83,laser
570,26.78,laser
571,26.70,laser
572,26.71,laser
573,26.68,laser
574,26.83,laser
575,26.72,laser
576,26.55,laser
577,26.69,laser
578,26.59,laser
579,26.57,laser
580,26.66,laser
581,26.70,laser
582,26.72,laser
583,26.85,laser
584,26.72,laser
585,26.76,laser
586,26.78,laser
587,26.68,laser
588,26.66,laser
589,26.74,laser
590,26.74,laser
591,26.72,laser
592,26.77,laser
593,26.76,laser
594,26.74,laser
595,26.78,laser
596,26.73,laser
597,26.68,laser
598,26.69,laser
599,26.77,laser
600,26.69,laser
601,26.73,laser
602,26.80,laser
603,26.72,laser
604,26.72,laser
605,26.67,laser
606,26.78,laser
607,26.66,laser
608,26.72,laser
609,26.68,laser
610,26.74,laser
611,26.68,laser
612,26.74,laser
613,26.62,laser
614,26.77,laser
615,26.72,laser
616,26.70,laser
617,26.73,laser
618,26.70,laser
619,26.77,laser
620,26.66,laser
621,26.63,laser
622,26.82,laser
623,26.66,laser
624,26.60,laser
625,26.71,laser
626,26.64,laser
627,26.73,laser
628,26.72,laser
629,26.66,laser
630,26.73,laser
631,26.75,laser
632,26.73,laser
633,26.72,laser
634,26.77,laser
635,26.77,laser
636,26.82,laser
637,26.78,laser
638,26.76,laser
639,26.73,laser
640,26.71,laser
641,26.76,laser
642,26.72,laser
643,26.85,laser
644,26.82,laser
645,26.69,laser
646,26.72,laser
647,26.78,laser
648,26.77,laser
649,26.77,laser
650,26.79,laser
651,26.70,laser
652,26.76,laser
653,26.73,laser
654,26.75,laser
655,26.74,laser
656,26.74,laser
657,26.61,laser
658,26.65,laser
659,26.66,laser
660,26.83,laser
661,26.72,laser
662,26.77,laser
663,26.77,laser
664,26.18,laser
665,26.65,laser
666,26.66,laser
667,26.67,laser
668,26.75,laser
669,26.73,laser
670,26.77,laser
671,26.73,laser
672,26.33,laser
673,26.75,laser
674,26.21,laser
675,26.66,laser
676,26.79,laser
677,26.73,laser
678,26.82,laser
679,26.72,laser
680,26.24,laser
681,26.77,laser
682,26.77,laser
683,26.76,laser
684,26.78,laser
685,26.85,laser
686,26.80,laser
687,26.90,laser
688,26.75,laser
689,26.80,laser
690,26.72,laser
691,26.73,laser
692,26.72,laser
693,26.76,laser
694,26.73,laser
695,26.80,laser
696,26.77,laser
697,26.84,laser
698,26.74,laser
699,26.67,laser
700,26.76,laser
701,26.70,laser
702,26.72,laser
703,26.80,laser
704,26.89,laser
705,26.81,laser
706,26.85,laser
707,26.75,laser
708,26.71,laser
709,26.69,laser
710,26.81,laser
711,26.73,laser
712,26.81,laser
713,26.85,laser
714,26.76,laser
715,26.78,laser
716,26.73,laser
717,26.80,laser
718,26.85,laser
719,26.82,laser
720,26.76,laser
721,26.29,laser
722,26.72,laser
723,26.79,laser
724,26.87,laser
725,26.77,laser
726,26.83,laser
727,26.76,laser
728,26.69,laser
729,26.71,laser
730,26.76,laser
731,26.81,laser
732,26.71,laser
733,26.80,laser
734,26.76,laser
735,26.75,laser
736,26.85,laser
737,26.80,laser
738,26.83,laser
739,26.81,laser
740,26.09,laser
741,25.93,laser
742,26.72,laser
743,26.79,laser
744,26.74,laser
745,26.65,laser
746,26.79,laser
747,26.76,laser
748,26.74,laser
749,26.75,laser
750,26.73,laser
751,26.02,laser
752,26.81,laser
753,26.70,laser
754,26.78,laser
755,26.74,laser
756,26.61,laser
757,26.63,laser
758,26.68,laser
759,26.72,laser
760,26.72,laser
761,26.68,laser
762,26.54,laser
763,26.57,laser
764,26.67,laser
765,26.59,laser
766,26.43,laser
767,26.31,laser
768,26.57,laser
769,26.18,laser
770,27.54,laser
771,28.00,laser
772,28.88,laser
773,29.64,laser
774,29.90,laser
775,31.24,laser
776,32.64,laser
777,33.01,laser
778,33.72,laser
779,35.13,laser
780,36.17,laser
781,37.27,laser
782,38.34,laser
783,39.59,laser
784,40.49,laser
785,41.99,laser
786,43.41,laser
787,44.38,laser
788,45.46,laser
789,46.59,laser
790,47.74,laser
791,49.17,laser
792,50.38,laser
793,51.49,laser
794,52.78,laser
795,124.43,leaflet
796,126.06,leaflet
797,128.01,leaflet
798,130.90,leaflet
799,132.34,leaflet
800,134.25,leaflet
801,136.34,leaflet
802,138.72,leaflet
803,140.92,leaflet
804,142.94,leaflet
805,144.56,leaflet
806,146.11,leaflet
807,148.44,leaflet
808,149.19,leaflet
809,151.22,leaflet
810,152.19,leaflet
811,154.19,leaflet
812,155.04,leaflet
813,156.64,leaflet
814,157.83,leaflet
815,158.56,leaflet
816,159.97,leaflet
817,161.16,leaflet
818,162.73,leaflet
819,163.08,leaflet
820,164.46,leaflet
821,165.10,leaflet
822,165.85,leaflet
823,166.26,leaflet
824,166.59,leaflet
825,167.35,leaflet
826,167.20,leaflet
827,167.79,leaflet
828,169.30,leaflet
829,169.33,leaflet
830,170.66,leaflet
831,170.76,leaflet
832,171.54,leaflet
833,171.62,leaflet
834,171.31,leaflet
835,169.35,leaflet
836,170.60,leaflet
837,170.80,leaflet
838,172.59,leaflet
839,173.86,leaflet
840,175.65,leaflet
841,176.22,leaflet
842,175.84,leaflet
843,177.17,leaflet
844,177.74,leaflet
845,178.14,leaflet
846,178.14,leaflet
847,179.10,leaflet
848,179.47,leaflet
849,179.85,leaflet
850,181.17,leaflet
851,180.60,leaflet
852,181.54,leaflet
853,182.30,leaflet
854,181.55,leaflet
855,182.31,leaflet
856,182.50,leaflet
857,183.43,leaflet
858,182.68,leaflet
859,182.51,leaflet
860,182.18,leaflet
861,181.77,leaflet
862,184.60,leaflet
863,185.15,leaflet
864,185.46,leaflet
865,186.36,leaflet
866,186.20,leaflet
867,187.05,leaflet
868,187.97,leaflet
869,186.94,leaflet
870,187.94,leaflet
871,188.12,leaflet
872,188.54,leaflet
873,187.65,leaflet
874,188.28,leaflet
875,188.46,leaflet
876,188.46,leaflet
877,188.48,leaflet
878,187.97,leaflet
879,188.66,leaflet
880,188.12,leaflet
881,188.54,leaflet
882,188.46,leaflet
883,188.28,leaflet
884,188.82,leaflet
885,188.61,leaflet
886,188.46,leaflet
887,188.12,leaflet
888,188.43,leaflet
889,188.64,leaflet
890,188.28,leaflet
891,188.46,leaflet
892,188.04,leaflet
893,188.07,leaflet
894,188.07,leaflet
895,188.15,leaflet
896,188.61,leaflet
897,188.22,leaflet
898,188.22,leaflet
899,188.97,leaflet
900,188.61,leaflet
901,188.38,leaflet
902,188.30,leaflet
903,188.46,leaflet
904,188.61,leaflet
905,189.30,leaflet
906,188.07,leaflet
907,189.00,leaflet
908,188.58,leaflet
909,187.73,leaflet
910,188.79,leaflet
911,188.48,leaflet
912,188.28,leaflet
913,188.56,leaflet
914,187.86,leaflet
915,189.12,leaflet
916,188.43,leaflet
917,188.40,leaflet
918,188.76,leaflet
919,188.61,leaflet
920,187.37,leaflet
921,188.28,leaflet
922,188.79,leaflet
923,188.76,leaflet
924,188.07,leaflet
925,188.76,leaflet
926,188.02,leaflet
927,189.00,leaflet
928,188.46,leaflet
929,188.56,leaflet
930,189.30,leaflet
931,189.12,leaflet
932,189.09,leaflet
933,188.38,leaflet
934,188.58,leaflet
935,188.79,leaflet
936,188.07,leaflet
937,187.86,leaflet
938,188.04,leaflet
939,189.30,leaflet
940,189.03,leaflet
941,188.20,leaflet
942,188.46,leaflet
943,188.94,leaflet
944,188.56,leaflet
945,188.25,leaflet
946,188.20,leaflet
947,188.40,leaflet
948,188.38,leaflet
949,188.20,leaflet
950,188.20,leaflet
951,187.30,leaflet
952,188.07,leaflet
953,187.89,leaflet
954,188.20,leaflet
955,188.53,leaflet
956,188.56,leaflet
957,189.06,leaflet
958,187.99,leaflet
959,188.56,leaflet
960,188.04,leaflet
961,188.94,leaflet
962,187.17,leaflet
963,187.35,leaflet
964,188.17,leaflet
965,188.38,leaflet
966,188.58,leaflet
967,188.35,leaflet
968,188.22,leaflet
969,188.22,leaflet
970,188.04,leaflet
971,188.04,leaflet
972,188.56,leaflet
973,188.91,leaflet
974,188.38,leaflet
975,188.53,leaflet
976,187.84,leaflet
977,187.32,leaflet
978,188.40,leaflet
979,187.17,leaflet
980,186.99,leaflet
981,188.35,leaflet
982,187.86,leaflet
983,187.82,leaflet
984,188.02,leaflet
985,187.71,leaflet
986,187.89,leaflet
987,187.84,leaflet
988,187.37,leaflet
989,187.53,leaflet
990,187.66,leaflet
991,187.79,leaflet
992,188.02,leaflet
993,187.84,leaflet
994,187.84,leaflet
995,187.86,leaflet
996,188.17,leaflet
997,188.02,leaflet
998,187.66,leaflet
999,188.35,leaflet
1000,188.20,leaflet
1001,188.20,leaflet
1002,187.99,leaflet
1003,188.07,leaflet
1004,187.86,leaflet
1005,187.64,leaflet
1006,187.66,leaflet
1007,187.46,leaflet
1008,187.28,leaflet
1009,186.94,leaflet
1010,186.99,leaflet
1011,186.22,leaflet
1012,187.14,leaflet
1013,186.24,leaflet
1014,186.42,leaflet
1015,186.40,leaflet
1016,186.92,leaflet
1017,186.58,leaflet
1018,187.10,leaflet
1019,187.12,leaflet
1020,186.96,leaflet
1021,186.78,leaflet
1022,187.48,leaflet
1023,186.76,leaflet
1024,187.26,leaflet
1025,187.79,leaflet
1026,188.50,leaflet
1027,187.82,leaflet
1028,188.71,leaflet
1029,189.95,leaflet
1030,189.98,leaflet
1031,190.65,leaflet
1032,191.84,leaflet
1033,191.46,leaflet
1034,192.36,leaflet
1035,191.39,leaflet
1036,191.25,leaflet
1037,191.43,leaflet
1038,190.97,leaflet
1039,189.45,leaflet
1040,189.59,leaflet
1041,189.56,leaflet
1042,189.45,leaflet
1043,189.24,leaflet
1044,188.50,leaflet
1045,188.58,leaflet
1046,188.40,leaflet
1047,187.30,leaflet
1048,187.64,leaflet
1049,187.43,leaflet
1050,186.24,leaflet
1051,186.24,leaflet
1052,186.42,leaflet
1053,186.62,leaflet
1054,186.26,leaflet
1055,186.42,leaflet
1056,185.90,leaflet
1057,186.40,leaflet
1058,186.20,leaflet
1059,185.71,leaflet
1060,186.26,leaflet
1061,185.53,leaflet
1062,185.93,leaflet
1063,185.83,leaflet
1064,185.37,leaflet
1065,185.24,leaflet
1066,185.25,leaflet
1067,184.52,leaflet
1068,185.29,leaflet
1069,183.47,leaflet
1070,184.60,leaflet
1071,183.88,leaflet
1072,183.91,leaflet
1073,182.77,leaflet
1074,183.51,leaflet
1075,183.69,leaflet
1076,183.31,leaflet
1077,182.39,leaflet
1078,181.81,leaflet
1079,183.56,leaflet
1080,182.20,leaflet
1081,182.96,leaflet
1082,184.06,leaflet
1083,182.55,leaflet
1084,183.10,leaflet
1085,182.92,leaflet
1086,182.54,leaflet
1087,182.17,leaflet
1088,182.93,leaflet
1089,182.91,leaflet
1090,182.53,leaflet
1091,182.57,leaflet
1092,182.35,leaflet
1093,182.37,leaflet
1094,181.60,leaflet
1095,181.99,leaflet
1096,181.59,leaflet
1097,180.82,leaflet
1098,180.82,leaflet
1099,180.62,leaflet
1100,180.43,leaflet
1101,180.62,leaflet
1102,180.23,leaflet
1103,179.45,leaflet
1104,179.45,leaflet
1105,178.87,leaflet
1106,178.47,leaflet
1107,177.30,leaflet
1108,177.70,leaflet
1109,177.09,leaflet
1110,175.89,leaflet
1111,175.89,leaflet
1112,174.50,leaflet
1113,174.48,leaflet
1114,173.85,leaflet
1115,170.99,leaflet
1116,170.20,leaflet
1117,167.54,leaflet
1118,168.92,leaflet
1119,166.63,leaflet
1120,166.04,leaflet
1121,165.10,leaflet
1122,164.27,leaflet
1123,161.96,leaflet
1124,161.14,leaflet
1125,158.54,leaflet
1126,157.56,leaflet
1127,155.87,leaflet
1128,153.70,leaflet
1129,151.21,leaflet
1130,149.00,leaflet
1131,146.31,leaflet
1132,143.94,leaflet
1133,141.62,leaflet
1134,138.18,leaflet
1135,134.73,leaflet
1136,130.94,leaflet
1137,127.12,leaflet
1138,124.22,leaflet
1139,52.83,laser
1140,50.62,laser
1141,47.95,laser
1142,45.18,laser
1143,42.78,laser
1144,38.64,laser
1145,35.12,laser
1146,32.87,laser
1147,25.47,laser
1148,21.10,laser
1149,22.13,laser
1150,22.43,laser
1151,22.08,laser
1152,26.61,laser
1153,26.81,laser
1154,26.82,laser
1155,26.88,laser
1156,26.71,laser
1157,26.69,laser
1158,26.70,laser
1159,26.74,laser
1160,26.72,laser
1161,26.73,laser
1162,26.78,laser
1163,26.82,laser
1164,26.74,laser
1165,26.76,laser
1166,26.86,laser
1167,26.81,laser
1168,26.85,laser
1169,26.80,laser
1170,26.71,laser
1171,26.72,laser
1172,26.79,laser
1173,26.72,laser
1174,26.86,laser
1175,26.82,laser
1176,26.69,laser
1177,26.64,laser
1178,26.71,laser
1179,26.76,laser
1180,26.82,laser
1181,26.75,laser
1182,26.75,laser
1183,26.88,laser
1184,26.64,laser
1185,26.74,laser
1186,26.72,laser
1187,26.71,laser
1188,26.74,laser
1189,26.69,laser
1190,26.77,laser
1191,26.81,laser
1192,26.81,laser
1193,26.84,laser
1194,26.77,laser
1195,26.78,laser
1196,26.72,laser
1197,26.86,laser
1198,26.76,laser
1199,26.76,laser
1200,26.78,laser
1201,26.74,laser
1202,26.70,laser
1203,26.74,laser
1204,26.72,laser
1205,26.76,laser
1206,26.71,laser
1207,26.75,laser
1208,26.87,laser
1209,26.77,laser
1210,26.79,laser
1211,26.78,laser
1212,26.87,laser
1213,26.88,laser
1214,26.87,laser
1215,26.93,laser
1216,26.80,laser
1217,26.97,laser
1218,26.92,laser
1219,26.85,laser
1220,26.83,laser
1221,26.88,laser
1222,26.91,laser
1223,26.80,laser
1224,26.78,laser
1225,26.76,laser
1226,26.91,laser
1227,26.79,laser
1228,26.87,laser
1229,26.88,laser
1230,26.83,laser
1231,26.82,laser
1232,26.70,laser
1233,26.55,laser
1234,26.67,laser
1235,26.90,laser
1236,26.78,laser
1237,26.76,laser
1238,26.68,laser
1239,26.67,laser
1240,26.70,laser
1241,26.64,laser
1242,26.64,laser
1243,26.48,laser
1244,26.50,laser
1245,26.72,laser
1246,26.71,laser
1247,26.72,laser
1248,26.74,laser
1249,26.74,laser
1250,26.83,laser
1251,26.86,laser
1252,26.92,laser
1253,26.84,laser
1254,26.74,laser
1255,26.83,laser
1256,26.75,laser
1257,26.71,laser
1258,26.94,laser
1259,26.90,laser
1260,26.89,laser
1261,26.86,laser
1262,26.83,laser
1263,26.80,laser
1264,26.82,laser
1265,26.90,laser
1266,26.83,laser
1267,26.76,laser
1268,26.79,laser
1269,26.71,laser
1270,26.82,laser
1271,26.75,laser
1272,26.75,laser
1273,26.66,laser
1274,26.77,laser
1275,26.69,laser
1276,26.73,laser
1277,26.71,laser
1278,26.73,laser
1279,26.70,laser
1280,26.69,laser
1281,26.62,laser
1282,26.71,laser
1283,26.66,laser
1284,26.69,laser
1285,26.77,laser
1286,26.79,laser
1287,26.86,laser
1288,26.79,laser
1289,26.82,laser
1290,26.81,laser
1291,26.82,laser
1292,26.80,laser
1293,26.77,laser
1294,26.79,laser
1295,26.74,laser
1296,26.78,laser
1297,26.67,laser
1298,26.73,laser
1299,26.83,laser
1300,26.80,laser
1301,26.82,laser
1302,26.78,laser
1303,26.82,laser
1304,26.82,laser
1305,26.82,laser
1306,26.83,laser
1307,26.80,laser
1308,26.80,laser
1309,26.87,laser
1310,26.87,laser
1311,26.76,laser
1312,26.72,laser
1313,26.76,laser
1314,26.71,laser
1315,26.72,laser
1316,26.81,laser
1317,26.83,laser
1318,26.87,laser
1319,26.77,laser
1320,26.82,laser
1321,26.86,laser
1322,26.87,laser
1323,26.80,laser
1324,26.77,laser
1325,26.73,laser
1326,26.81,laser
1327,26.81,laser
1328,26.77,laser
1329,26.79,laser
1330,26.90,laser
1331,26.88,laser
1332,26.86,laser
1333,26.84,laser
1334,26.85,laser
1335,26.93,laser
1336,26.83,laser
1337,26.83,laser
1338,26.84,laser
1339,26.84,laser
1340,26.80,laser
1341,26.79,laser
1342,26.79,laser
1343,26.84,laser
1344,26.80,laser
1345,26.78,laser
1346,26.76,laser
1347,26.79,laser
1348,26.84,laser
1349,26.74,laser
1350,26.67,laser
1351,26.69,laser
1352,26.81,laser
1353,26.74,laser
1354,26.80,laser
1355,26.66,laser
1356,26.73,laser
1357,26.70,laser
1358,26.77,laser
1359,26.62,laser
1360,26.68,laser
1361,26.63,laser
1362,26.68,laser
1363,26.71,laser
1364,26.72,laser
1365,26.72,laser
1366,26.67,laser
1367,26.65,laser
1368,26.72,laser
1369,26.74,laser
1370,26.69,laser
1371,26.76,laser
1372,26.79,laser
1373,26.62,laser
1374,26.74,laser
1375,26.67,laser
1376,26.72,laser
1377,26.77,laser
1378,26.70,laser
1379,26.68,laser
1380,26.74,laser
1381,26.57,laser
1382,26.53,laser
1383,26.62,laser
1384,26.67,laser
1385,26.71,laser
1386,26.72,laser
1387,26.76,laser
1388,26.80,laser
1389,26.75,laser
1390,26.55,laser
1391,26.79,laser
1392,26.63,laser
1393,26.74,laser
1394,26.67,laser
1395,26.66,laser
1396,26.69,laser
1397,26.66,laser
1398,26.70,laser
1399,26.58,laser
1400,26.67,laser
1401,26.71,laser
1402,26.66,laser
1403,26.65,laser
1404,26.71,laser
1405,26.65,laser
1406,26.65,laser
1407,26.58,laser
1408,26.72,laser
1409,26.69,laser
1410,26.62,laser
1411,26.72,laser
1412,26.66,laser
1413,26.73,laser
1414,26.57,laser
1415,26.58,laser
1416,26.62,laser
1417,26.61,laser
1418,26.69,laser
1419,26.78,laser
1420,26.73,laser
1421,26.73,laser
1422,26.78,laser
1423,26.75,laser
1424,26.65,laser
1425,26.78,laser
1426,26.75,laser
1427,26.61,laser
1428,26.66,laser
1429,26.66,laser
1430,26.70,laser
1431,26.65,laser
1432,26.59,laser
1433,26.61,laser
1434,26.57,laser
1435,26.76,laser
1436,26.72,laser
1437,26.75,laser
1438,26.64,laser
1439,26.69,laser
1440,26.57,laser
1441,26.59,laser
1442,26.72,laser
1443,26.60,laser
1444,26.68,laser
1445,26.58,laser
1446,26.70,laser
1447,26.73,laser
1448,26.58,laser
1449,26.78,laser
1450,26.72,laser
1451,26.69,laser
1452,26.75,laser
1453,26.71,laser
1454,26.77,laser
1455,26.74,laser
1456,26.81,laser
1457,26.83,laser
1458,26.79,laser
1459,26.83,laser
1460,26.85,laser
1461,26.80,laser
1462,26.87,laser
1463,26.87,laser
1464,26.87,laser
1465,26.87,laser
1466,26.85,laser
1467,26.84,laser
1468,26.72,laser
1469,26.91,laser
1470,26.81,laser
1471,26.79,laser
1472,26.88,laser
1473,26.78,laser
1474,26.70,laser
1475,26.75,laser
1476,26.86,laser
1477,26.73,laser
1478,26.75,laser
1479,26.71,laser
1480,26.70,laser
1481,26.74,laser
1482,26.67,laser
1483,26.72,laser
1484,26.70,laser
1485,26.60,laser
1486,26.61,laser
1487,26.57,laser
1488,26.64,laser
1489,26.75,laser
1490,26.76,laser
1491,26.65,laser
1492,26.78,laser
1493,26.77,laser
1494,26.80,laser
1495,26.74,laser
1496,26.72,laser
1497,26.81,laser
1498,26.90,laser
1499,26.86,laser
1500,26.81,laser
1501,26.85,laser
1502,26.74,laser
1503,26.70,laser
1504,26.81,laser
1505,26.60,laser
1506,26.63,laser
1507,26.75,laser
1508,26.69,laser
1509,26.78,laser
1510,26.83,laser
1511,26.69,laser
1512,26.69,laser
1513,26.80,laser
1514,26.82,laser
1515,26.70,laser
1516,26.79,laser
1517,26.75,laser
1518,26.72,laser
1519,26.66,laser
1520,26.59,laser
1521,26.68,laser
1522,26.64,laser
1523,26.61,laser
1524,26.66,laser
1525,26.65,laser
1526,26.67,laser
1527,26.64,laser
1528,26.68,laser
1529,26.63,laser
1530,26.51,laser
1531,26.66,laser
1532,26.61,laser
1533,26.62,laser
1534,26.57,laser
1535,26.64,laser
1536,26.62,laser
1537,26.82,laser
1538,26.73,laser
1539,26.84,laser
1540,26.74,laser
1541,26.72,laser
1542,26.68,laser
1543,26.68,laser
1544,26.66,laser
1545,26.68,laser
1546,26.66,laser
1547,26.64,laser
1548,26.69,laser
1549,26.66,laser
1550,26.68,laser
1551,26.76,laser
1552,26.75,laser
1553,26.63,laser
1554,26.61,laser
1555,26.64,laser
1556,26.71,laser
1557,26.71,laser
1558,26.67,laser
1559,26.67,laser
1560,26.75,laser
1561,26.81,laser
1562,26.71,laser
1563,26.85,laser
1564,26.71,laser
1565,26.75,laser
1566,26.77,laser
1567,26.71,laser
1568,26.80,laser
1569,26.80,laser
1570,26.77,laser
1571,26.78,laser
1572,26.80,laser
1573,26.77,laser
1574,26.74,laser
1575,26.74,laser
1576,26.71,laser
1577,26.77,laser
1578,26.72,laser
1579,26.57,laser
1580,26.67,laser
1581,26.69,laser
1582,26.59,laser
1583,26.70,laser
1584,26.54,laser
1585,26.74,laser
1586,26.72,laser
1587,26.66,laser
1588,26.69,laser
1589,26.70,laser
1590,26.57,laser
1591,26.76,laser
1592,26.76,laser
1593,26.78,laser
1594,26.79,laser
1595,26.88,laser
1596,26.79,laser
1597,26.83,laser
1598,26.61,laser
1599,26.81,laser
1600,26.87,laser
1601,26.91,laser
1602,26.88,laser
1603,26.77,laser
1604,26.71,laser
1605,26.78,laser
1606,26.90,laser
1607,26.81,laser
1608,26.81,laser
1609,26.79,laser
1610,26.82,laser
1611,26.82,laser
1612,26.63,laser
1613,26.70,laser
1614,26.78,laser
1615,26.73,laser
1616,26.70,laser
1617,26.67,laser
1618,26.75,laser
1619,26.83,laser
1620,26.80,laser
1621,26.83,laser
1622,26.77,laser
1623,26.80,laser
1624,26.68,laser
1625,26.64,laser
1626,26.68,laser
1627,26.71,laser
1628,26.79,laser
1629,26.78,laser
1630,26.78,laser
1631,26.83,laser
1632,26.75,laser
1633,26.82,laser
1634,26.88,laser
1635,26.76,laser
1636,26.65,laser
1637,26.71,laser
1638,26.78,laser
1639,26.74,laser
1640,26.72,laser
1641,26.78,laser
1642,26.75,laser
1643,26.80,laser
1644,26.70,laser
1645,26.78,laser
1646,26.82,laser
1647,26.96,laser
1648,26.80,laser
1649,26.85,laser
1650,26.75,laser
1651,26.68,laser
1652,26.81,laser
1653,26.74,laser
1654,26.74,laser
1655,26.65,laser
1656,26.81,laser
1657,26.63,laser
1658,26.77,laser
1659,26.72,laser
1660,26.86,laser
1661,26.77,laser
1662,26.80,laser
1663,26.74,laser
1664,26.66,laser
1665,26.65,laser
1666,26.69,laser
1667,26.51,laser
1668,26.61,laser
1669,26.60,laser
1670,26.53,laser
1671,26.50,laser
1672,26.71,laser
1673,26.62,laser
1674,26.67,laser
1675,26.64,laser
1676,26.51,laser
1677,26.65,laser
1678,26.68,laser
1679,26.68,laser
1680,26.59,laser
1681,26.73,laser
1682,26.59,laser
1683,26.59,laser
1684,26.62,laser
1685,26.79,laser
1686,26.78,laser
1687,26.77,laser
1688,26.85,laser
1689,26.74,laser
1690,26.71,laser
1691,26.66,laser
1692,26.56,laser
1693,26.67,laser
1694,26.78,laser
1695,26.72,laser
1696,26.70,laser
1697,26.70,laser
1698,26.64,laser
1699,26.56,laser
1700,26.54,laser
1701,26.74,laser
1702,26.74,laser
1703,26.74,laser
1704,26.73,laser
1705,26.73,laser
1706,26.79,laser
1707,26.67,laser
1708,26.66,laser
1709,26.61,laser
1710,26.81,laser
1711,26.83,laser
1712,26.67,laser
1713,26.66,laser
1714,26.54,laser
1715,26.67,laser
1716,26.69,laser
1717,26.77,laser
1718,26.77,laser
1719,26.67,laser
1720,26.66,laser
1721,26.67,laser
1722,26.70,laser
1723,26.70,laser
1724,26.79,laser
1725,26.71,laser
1726,26.72,laser
1727,26.81,laser
1728,26.77,laser
1729,26.75,laser
1730,26.73,laser
1731,26.67,laser
1732,26.68,laser
1733,26.68,laser
1734,26.53,laser
1735,26.93,laser
1736,26.77,laser
1737,26.77,laser
1738,26.69,laser
1739,26.67,laser
1740,26.60,laser
1741,26.58,laser
1742,26.74,laser
1743,26.72,laser
1744,26.75,laser
1745,26.69,laser
1746,26.72,laser
1747,26.76,laser
1748,26.83,laser
1749,26.73,laser
1750,26.72,laser
1751,26.86,laser
1752,26.84,laser
1753,26.80,laser
1754,26.83,laser
1755,26.73,laser
1756,26.76,laser
1757,26.72,laser
1758,26.77,laser
1759,26.75,laser
1760,26.76,laser
1761,26.75,laser
1762,26.66,laser
1763,26.71,laser
1764,26.51,laser
1765,26.48,laser
1766,26.37,laser
1767,26.30,laser
1768,26.43,laser
1769,26.43,laser
1770,26.69,laser
1771,27.76,laser
1772,28.42,laser
1773,29.01,laser
1774,29.75,laser
1775,31.28,laser
1776,31.56,laser
1777,32.37,laser
1778,33.04,laser
1779,33.56,laser
1780,34.98,laser
1781,35.99,laser
1782,37.00,laser
1783,37.89,laser
1784,39.11,laser
1785,40.40,laser
1786,41.36,laser
1787,43.04,laser
1788,43.89,laser
1789,45.29,laser
1790,46.08,laser
1791,47.11,laser
1792,48.53,laser
1793,49.49,laser
1794,51.70,laser
1795,51.96,laser
1796,123.09,leaflet
1797,124.98,leaflet
1798,126.65,leaflet
1799,128.90,leaflet
1800,131.01,leaflet
1801,132.93,leaflet
1802,134.99,leaflet
1803,137.09,leaflet
1804,139.10,leaflet
1805,140.92,leaflet
1806,142.66,leaflet
1807,144.75,leaflet
1808,146.26,leaflet
1809,147.94,leaflet
1810,149.82,leaflet
1811,151.29,leaflet
1812,152.61,leaflet
1813,154.02,leaflet
1814,155.21,leaflet
1815,156.71,leaflet
1816,157.97,leaflet
1817,158.84,leaflet
1818,159.90,leaflet
1819,161.58,leaflet
1820,162.73,leaflet
1821,163.52,leaflet
1822,164.50,leaflet
1823,165.47,leaflet
1824,166.41,leaflet
1825,167.03,leaflet
1826,167.79,leaflet
1827,168.64,leaflet
1828,169.56,leaflet
1829,169.33,leaflet
1830,169.79,leaflet
1831,170.47,leaflet
1832,170.34,leaflet
1833,170.92,leaflet
1834,170.80,leaflet
1835,170.96,leaflet
1836,171.76,leaflet
1837,173.56,leaflet
1838,175.41,leaflet
1839,175.82,leaflet
1840,176.98,leaflet
1841,177.76,leaflet
1842,177.96,leaflet
1843,179.09,leaflet
1844,179.09,leaflet
1845,179.85,leaflet
1846,180.79,leaflet
1847,180.60,leaflet
1848,182.30,leaflet
1849,182.11,leaflet
1850,182.10,leaflet
1851,183.22,leaflet
1852,183.60,leaflet
1853,184.37,leaflet
1854,184.40,leaflet
1855,184.37,leaflet
1856,185.86,leaflet
1857,185.85,leaflet
1858,185.83,leaflet
1859,184.60,leaflet
1860,185.17,leaflet
1861,186.57,leaflet
1862,186.40,leaflet
1863,187.24,leaflet
1864,187.10,leaflet
1865,187.10,leaflet
1866,187.39,leaflet
1867,187.65,leaflet
1868,187.24,leaflet
1869,186.87,leaflet
1870,187.44,leaflet
1871,187.42,leaflet
1872,187.67,leaflet
1873,187.37,leaflet
1874,186.87,leaflet
1875,187.39,leaflet
1876,187.73,leaflet
1877,187.97,leaflet
1878,187.28,leaflet
1879,187.63,leaflet
1880,187.97,leaflet
1881,187.73,leaflet
1882,187.37,leaflet
1883,187.37,leaflet
1884,187.76,leaflet
1885,187.03,leaflet
1886,186.87,leaflet
1887,187.58,leaflet
1888,187.99,leaflet
1889,187.91,leaflet
1890,187.37,leaflet
1891,187.17,leaflet
1892,187.03,leaflet
1893,188.07,leaflet
1894,187.39,leaflet
1895,187.44,leaflet
1896,188.10,leaflet
1897,188.02,leaflet
1898,188.10,leaflet
1899,187.37,leaflet
1900,187.35,leaflet
1901,188.07,leaflet
1902,188.22,leaflet
1903,187.35,leaflet
1904,187.89,leaflet
1905,187.55,leaflet
1906,188.04,leaflet
1907,187.89,leaflet
1908,188.02,leaflet
1909,188.25,leaflet
1910,187.84,leaflet
1911,187.35,leaflet
1912,187.55,leaflet
1913,188.07,leaflet
1914,187.17,leaflet
1915,188.02,leaflet
1916,187.89,leaflet
1917,188.02,leaflet
1918,188.07,leaflet
1919,186.48,leaflet
1920,187.89,leaflet
1921,187.32,leaflet
1922,188.20,leaflet
1923,188.20,leaflet
1924,187.68,leaflet
1925,187.14,leaflet
1926,187.14,leaflet
1927,187.53,leaflet
1928,188.07,leaflet
1929,188.02,leaflet
1930,188.02,leaflet
1931,187.99,leaflet
1932,188.25,leaflet
1933,187.84,leaflet
1934,188.25,leaflet
1935,188.04,leaflet
1936,187.37,leaflet
1937,187.86,leaflet
1938,187.84,leaflet
1939,187.84,leaflet
1940,188.20,leaflet
1941,188.02,leaflet
1942,187.82,leaflet
1943,187.84,leaflet
1944,187.84,leaflet
1945,187.86,leaflet
1946,188.43,leaflet
1947,187.89,leaflet
1948,188.17,leaflet
1949,187.99,leaflet
1950,187.10,leaflet
1951,188.02,leaflet
1952,187.53,leaflet
1953,188.02,leaflet
1954,188.58,leaflet
1955,188.02,leaflet
1956,188.20,leaflet
1957,188.38,leaflet
1958,188.20,leaflet
1959,188.17,leaflet
1960,187.86,leaflet
1961,188.02,leaflet
1962,188.22,leaflet
1963,187.99,leaflet
1964,188.02,leaflet
1965,187.99,leaflet
1966,187.66,leaflet
1967,188.17,leaflet
1968,187.86,leaflet
1969,187.12,leaflet
1970,188.20,leaflet
1971,188.02,leaflet
1972,188.02,leaflet
1973,187.84,leaflet
1974,187.28,leaflet
1975,187.32,leaflet
1976,187.99,leaflet
1977,188.64,leaflet
1978,188.07,leaflet
1979,188.02,leaflet
1980,188.17,leaflet
1981,187.46,leaflet
1982,188.17,leaflet
1983,188.02,leaflet
1984,188.02,leaflet
1985,187.82,leaflet
1986,187.66,leaflet
1987,187.68,leaflet
1988,188.02,leaflet
1989,187.32,leaflet
1990,187.30,leaflet
1991,187.66,leaflet
1992,187.12,leaflet
1993,187.99,leaflet
1994,187.66,leaflet
1995,187.01,leaflet
1996,187.19,leaflet
1997,186.74,leaflet
1998,187.12,leaflet
1999,186.94,leaflet
2000,187.30,leaflet
